source,target,agent_id,from_policy_id,to_policy_id,gain_mean,gain_lcb,decision_rule,epsilon
a0:learned_agent_0|a1:learned_agent_1,a0:cost_plus_agent_0|a1:learned_agent_1,0,learned_agent_0,cost_plus_agent_0,90927.62958273996,90574.59355478286,conservative,0.0
a0:learned_agent_0|a1:learned_agent_1,a0:hist_quantile_agent_0|a1:learned_agent_1,0,learned_agent_0,hist_quantile_agent_0,21855.499006149472,21574.599683082077,conservative,0.0
a0:learned_agent_0|a1:learned_agent_1,a0:learned_agent_0__price_down_1|a1:learned_agent_1,0,learned_agent_0,learned_agent_0__price_down_1,14435.49755303543,14250.551219581885,conservative,0.0
a0:learned_agent_0|a1:learned_agent_1,a0:learned_agent_0__quantity_up_1|a1:learned_agent_1,0,learned_agent_0,learned_agent_0__quantity_up_1,14016.110301020166,13990.625890491694,conservative,0.0
a0:learned_agent_0|a1:learned_agent_1,a0:learned_agent_0|a1:cost_plus_agent_1,1,learned_agent_1,cost_plus_agent_1,99138.0397393265,98866.12691110217,conservative,0.0
a0:learned_agent_0|a1:learned_agent_1,a0:learned_agent_0|a1:hist_quantile_agent_1,1,learned_agent_1,hist_quantile_agent_1,30056.762254360947,29804.91180769202,conservative,0.0
a0:learned_agent_0|a1:learned_agent_1,a0:learned_agent_0|a1:learned_agent_1__price_down_1,1,learned_agent_1,learned_agent_1__price_down_1,8339.145603545743,8252.966265105064,conservative,0.0
a0:learned_agent_0|a1:learned_agent_1,a0:learned_agent_0|a1:learned_agent_1__quantity_up_1,1,learned_agent_1,learned_agent_1__quantity_up_1,13498.121372267353,13474.898307640275,conservative,0.0
a0:learned_agent_0|a1:cost_plus_agent_1,a0:cost_plus_agent_0|a1:cost_plus_agent_1,0,learned_agent_0,cost_plus_agent_0,90899.59843464402,90544.46404345249,conservative,0.0
a0:learned_agent_0|a1:cost_plus_agent_1,a0:hist_quantile_agent_0|a1:cost_plus_agent_1,0,learned_agent_0,hist_quantile_agent_0,21825.773677343568,21548.449554984283,conservative,0.0
a0:learned_agent_0|a1:cost_plus_agent_1,a0:learned_agent_0__price_down_1|a1:cost_plus_agent_1,0,learned_agent_0,learned_agent_0__price_down_1,14450.51519078995,14266.668882130467,conservative,0.0
a0:learned_agent_0|a1:cost_plus_agent_1,a0:learned_agent_0__quantity_up_1|a1:cost_plus_agent_1,0,learned_agent_0,learned_agent_0__quantity_up_1,14006.879318831541,13979.948750823183,conservative,0.0
a0:learned_agent_0|a1:hist_quantile_agent_1,a0:cost_plus_agent_0|a1:hist_quantile_agent_1,0,learned_agent_0,cost_plus_agent_0,90912.16595589739,90556.31655303412,conservative,0.0
a0:learned_agent_0|a1:hist_quantile_agent_1,a0:hist_quantile_agent_0|a1:hist_quantile_agent_1,0,learned_agent_0,hist_quantile_agent_0,22087.251774680128,21798.341135719347,conservative,0.0
a0:learned_agent_0|a1:hist_quantile_agent_1,a0:learned_agent_0__price_down_1|a1:hist_quantile_agent_1,0,learned_agent_0,learned_agent_0__price_down_1,14439.72528689965,14252.92159549823,conservative,0.0
a0:learned_agent_0|a1:hist_quantile_agent_1,a0:learned_agent_0__quantity_up_1|a1:hist_quantile_agent_1,0,learned_agent_0,learned_agent_0__quantity_up_1,14011.338391255831,13983.986034811269,conservative,0.0
a0:learned_agent_0|a1:hist_quantile_agent_1,a0:learned_agent_0|a1:cost_plus_agent_1,1,hist_quantile_agent_1,cost_plus_agent_1,69081.27748496555,68866.59989229744,conservative,0.0
a0:learned_agent_0|a1:learned_agent_1__price_up_1,a0:cost_plus_agent_0|a1:learned_agent_1__price_up_1,0,learned_agent_0,cost_plus_agent_0,90864.6754388577,90509.72386138908,conservative,0.0
a0:learned_agent_0|a1:learned_agent_1__price_up_1,a0:hist_quantile_agent_0|a1:learned_agent_1__price_up_1,0,learned_agent_0,hist_quantile_agent_0,21805.400610802368,21523.8196982703,conservative,0.0
a0:learned_agent_0|a1:learned_agent_1__price_up_1,a0:learned_agent_0__price_down_1|a1:learned_agent_1__price_up_1,0,learned_agent_0,learned_agent_0__price_down_1,14419.126823228782,14234.180489775334,conservative,0.0
a0:learned_agent_0|a1:learned_agent_1__price_up_1,a0:learned_agent_0__quantity_up_1|a1:learned_agent_1__price_up_1,0,learned_agent_0,learned_agent_0__quantity_up_1,13972.54525455216,13946.258565033786,conservative,0.0
a0:learned_agent_0|a1:learned_agent_1__price_up_1,a0:learned_agent_0|a1:learned_agent_1,1,learned_agent_1__price_up_1,learned_agent_1,12529.200232535242,12387.339499769223,conservative,0.0
a0:learned_agent_0|a1:learned_agent_1__price_up_1,a0:learned_agent_0|a1:cost_plus_agent_1,1,learned_agent_1__price_up_1,cost_plus_agent_1,111667.23997186174,111434.87959427868,conservative,0.0
a0:learned_agent_0|a1:learned_agent_1__price_up_1,a0:learned_agent_0|a1:hist_quantile_agent_1,1,learned_agent_1__price_up_1,hist_quantile_agent_1,42585.96248689619,42349.64482760081,conservative,0.0
a0:learned_agent_0|a1:learned_agent_1__price_up_1,a0:learned_agent_0|a1:learned_agent_1__price_down_1,1,learned_agent_1__price_up_1,learned_agent_1__price_down_1,20868.345836080985,20757.505857940003,conservative,0.0
a0:learned_agent_0|a1:learned_agent_1__price_up_1,a0:learned_agent_0|a1:learned_agent_1__quantity_up_1,1,learned_agent_1__price_up_1,learned_agent_1__quantity_up_1,26027.321604802593,25872.52553599144,conservative,0.0
a0:learned_agent_0|a1:learned_agent_1__price_down_1,a0:cost_plus_agent_0|a1:learned_agent_1__price_down_1,0,learned_agent_0,cost_plus_agent_0,90926.09864681528,90574.83716765612,conservative,0.0
a0:learned_agent_0|a1:learned_agent_1__price_down_1,a0:hist_quantile_agent_0|a1:learned_agent_1__price_down_1,0,learned_agent_0,hist_quantile_agent_0,21845.294419283236,21564.72281722194,conservative,0.0
a0:learned_agent_0|a1:learned_agent_1__price_down_1,a0:learned_agent_0__price_down_1|a1:learned_agent_1__price_down_1,0,learned_agent_0,learned_agent_0__price_down_1,14439.450684264913,14256.31839580478,conservative,0.0
a0:learned_agent_0|a1:learned_agent_1__price_down_1,a0:learned_agent_0__quantity_up_1|a1:learned_agent_1__price_down_1,0,learned_agent_0,learned_agent_0__quantity_up_1,14014.556788561884,13988.810541683488,conservative,0.0
a0:learned_agent_0|a1:learned_agent_1__price_down_1,a0:learned_agent_0|a1:cost_plus_agent_1,1,learned_agent_1__price_down_1,cost_plus_agent_1,90798.89413578076,90553.4609412799,conservative,0.0
a0:learned_agent_0|a1:learned_agent_1__price_down_1,a0:learned_agent_0|a1:hist_quantile_agent_1,1,learned_agent_1__price_down_1,hist_quantile_agent_1,21717.616650815206,21497.371780290156,conservative,0.0
a0:learned_agent_0|a1:learned_agent_1__price_down_1,a0:learned_agent_0|a1:learned_agent_1__quantity_up_1,1,learned_agent_1__price_down_1,learned_agent_1__quantity_up_1,5158.975768721608,5054.479208619957,conservative,0.0
a0:learned_agent_0|a1:learned_agent_1__quantity_up_1,a0:cost_plus_agent_0|a1:learned_agent_1__quantity_up_1,0,learned_agent_0,cost_plus_agent_0,90919.21765459258,90566.908440673,conservative,0.0
a0:learned_agent_0|a1:learned_agent_1__quantity_up_1,a0:hist_quantile_agent_0|a1:learned_agent_1__quantity_up_1,0,learned_agent_0,hist_quantile_agent_0,21849.453821148712,21569.596125271728,conservative,0.0
a0:learned_agent_0|a1:learned_agent_1__quantity_up_1,a0:learned_agent_0__price_down_1|a1:learned_agent_1__quantity_up_1,0,learned_agent_0,learned_agent_0__price_down_1,14435.301272075325,14250.327363106893,conservative,0.0
a0:learned_agent_0|a1:learned_agent_1__quantity_up_1,a0:learned_agent_0__quantity_up_1|a1:learned_agent_1__quantity_up_1,0,learned_agent_0,learned_agent_0__quantity_up_1,14014.217756651473,13987.893445474441,conservative,0.0
a0:learned_agent_0|a1:learned_agent_1__quantity_up_1,a0:learned_agent_0|a1:cost_plus_agent_1,1,learned_agent_1__quantity_up_1,cost_plus_agent_1,85639.91836705916,85357.07005959221,conservative,0.0
a0:learned_agent_0|a1:learned_agent_1__quantity_up_1,a0:learned_agent_0|a1:hist_quantile_agent_1,1,learned_agent_1__quantity_up_1,hist_quantile_agent_1,16558.640882093598,16292.775545890678,conservative,0.0
a0:learned_agent_0|a1:learned_agent_1__quantity_down_1,a0:cost_plus_agent_0|a1:learned_agent_1__quantity_down_1,0,learned_agent_0,cost_plus_agent_0,90932.2472639103,90578.37891617263,conservative,0.0
a0:learned_agent_0|a1:learned_agent_1__quantity_down_1,a0:hist_quantile_agent_0|a1:learned_agent_1__quantity_down_1,0,learned_agent_0,hist_quantile_agent_0,21859.526003946754,21577.952107435987,conservative,0.0
a0:learned_agent_0|a1:learned_agent_1__quantity_down_1,a0:learned_agent_0__price_down_1|a1:learned_agent_1__quantity_down_1,0,learned_agent_0,learned_agent_0__price_down_1,14435.66190394665,14250.72224664971,conservative,0.0
a0:learned_agent_0|a1:learned_agent_1__quantity_down_1,a0:learned_agent_0__quantity_up_1|a1:learned_agent_1__quantity_down_1,0,learned_agent_0,learned_agent_0__quantity_up_1,14013.972130508831,13988.555471053456,conservative,0.0
a0:learned_agent_0|a1:learned_agent_1__quantity_down_1,a0:learned_agent_0|a1:learned_agent_1,1,learned_agent_1__quantity_down_1,learned_agent_1,13198.965715620086,13176.101338370057,conservative,0.0
a0:learned_agent_0|a1:learned_agent_1__quantity_down_1,a0:learned_agent_0|a1:cost_plus_agent_1,1,learned_agent_1__quantity_down_1,cost_plus_agent_1,112337.0054549466,112075.37767982781,conservative,0.0
a0:learned_agent_0|a1:learned_agent_1__quantity_down_1,a0:learned_agent_0|a1:hist_quantile_agent_1,1,learned_agent_1__quantity_down_1,hist_quantile_agent_1,43255.72796998103,43017.09331658356,conservative,0.0
a0:learned_agent_0|a1:learned_agent_1__quantity_down_1,a0:learned_agent_0|a1:learned_agent_1__price_up_1,1,learned_agent_1__quantity_down_1,learned_agent_1__price_up_1,669.7654830848437,538.7382903792771,conservative,0.0
a0:learned_agent_0|a1:learned_agent_1__quantity_down_1,a0:learned_agent_0|a1:learned_agent_1__price_down_1,1,learned_agent_1__quantity_down_1,learned_agent_1__price_down_1,21538.11131916583,21467.130656621262,conservative,0.0
a0:learned_agent_0|a1:learned_agent_1__quantity_down_1,a0:learned_agent_0|a1:learned_agent_1__quantity_up_1,1,learned_agent_1__quantity_down_1,learned_agent_1__quantity_up_1,26697.087087887438,26651.06571538302,conservative,0.0
a0:cost_plus_agent_0|a1:learned_agent_1,a0:cost_plus_agent_0|a1:cost_plus_agent_1,1,learned_agent_1,cost_plus_agent_1,98958.63083211453,98679.84116948245,conservative,0.0
a0:cost_plus_agent_0|a1:learned_agent_1,a0:cost_plus_agent_0|a1:hist_quantile_agent_1,1,learned_agent_1,hist_quantile_agent_1,29920.43448222817,29675.945074917814,conservative,0.0
a0:cost_plus_agent_0|a1:learned_agent_1,a0:cost_plus_agent_0|a1:learned_agent_1__price_down_1,1,learned_agent_1,learned_agent_1__price_down_1,8255.657765385124,8168.863086851241,conservative,0.0
a0:cost_plus_agent_0|a1:learned_agent_1,a0:cost_plus_agent_0|a1:learned_agent_1__quantity_up_1,1,learned_agent_1,learned_agent_1__quantity_up_1,13489.069238838572,13465.374206692746,conservative,0.0
a0:cost_plus_agent_0|a1:hist_quantile_agent_1,a0:cost_plus_agent_0|a1:cost_plus_agent_1,1,hist_quantile_agent_1,cost_plus_agent_1,69038.19634988636,68827.15012726086,conservative,0.0
a0:cost_plus_agent_0|a1:learned_agent_1__price_up_1,a0:cost_plus_agent_0|a1:learned_agent_1,1,learned_agent_1__price_up_1,learned_agent_1,12528.112531722216,12389.105682903279,conservative,0.0
a0:cost_plus_agent_0|a1:learned_agent_1__price_up_1,a0:cost_plus_agent_0|a1:cost_plus_agent_1,1,learned_agent_1__price_up_1,cost_plus_agent_1,111486.74336383675,111247.36916919802,conservative,0.0
a0:cost_plus_agent_0|a1:learned_agent_1__price_up_1,a0:cost_plus_agent_0|a1:hist_quantile_agent_1,1,learned_agent_1__price_up_1,hist_quantile_agent_1,42448.54701395039,42217.24594942452,conservative,0.0
a0:cost_plus_agent_0|a1:learned_agent_1__price_up_1,a0:cost_plus_agent_0|a1:learned_agent_1__price_down_1,1,learned_agent_1__price_up_1,learned_agent_1__price_down_1,20783.77029710734,20677.61226255976,conservative,0.0
a0:cost_plus_agent_0|a1:learned_agent_1__price_up_1,a0:cost_plus_agent_0|a1:learned_agent_1__quantity_up_1,1,learned_agent_1__price_up_1,learned_agent_1__quantity_up_1,26017.18177056079,25863.3308388708,conservative,0.0
a0:cost_plus_agent_0|a1:learned_agent_1__price_down_1,a0:cost_plus_agent_0|a1:cost_plus_agent_1,1,learned_agent_1__price_down_1,cost_plus_agent_1,90702.97306672942,90454.64910270981,conservative,0.0
a0:cost_plus_agent_0|a1:learned_agent_1__price_down_1,a0:cost_plus_agent_0|a1:hist_quantile_agent_1,1,learned_agent_1__price_down_1,hist_quantile_agent_1,21664.776716843044,21449.771929548468,conservative,0.0
a0:cost_plus_agent_0|a1:learned_agent_1__price_down_1,a0:cost_plus_agent_0|a1:learned_agent_1__quantity_up_1,1,learned_agent_1__price_down_1,learned_agent_1__quantity_up_1,5233.411473453448,5127.569936512152,conservative,0.0
a0:cost_plus_agent_0|a1:learned_agent_1__quantity_up_1,a0:cost_plus_agent_0|a1:cost_plus_agent_1,1,learned_agent_1__quantity_up_1,cost_plus_agent_1,85469.56159327597,85178.82336583694,conservative,0.0
a0:cost_plus_agent_0|a1:learned_agent_1__quantity_up_1,a0:cost_plus_agent_0|a1:hist_quantile_agent_1,1,learned_agent_1__quantity_up_1,hist_quantile_agent_1,16431.3652433896,16171.694700219605,conservative,0.0
a0:cost_plus_agent_0|a1:learned_agent_1__quantity_down_1,a0:cost_plus_agent_0|a1:learned_agent_1,1,learned_agent_1__quantity_down_1,learned_agent_1,13194.324736171387,13170.286397088781,conservative,0.0
a0:cost_plus_agent_0|a1:learned_agent_1__quantity_down_1,a0:cost_plus_agent_0|a1:cost_plus_agent_1,1,learned_agent_1__quantity_down_1,cost_plus_agent_1,112152.95556828592,111884.71354564281,conservative,0.0
a0:cost_plus_agent_0|a1:learned_agent_1__quantity_down_1,a0:cost_plus_agent_0|a1:hist_quantile_agent_1,1,learned_agent_1__quantity_down_1,hist_quantile_agent_1,43114.75921839956,42883.726655819635,conservative,0.0
a0:cost_plus_agent_0|a1:learned_agent_1__quantity_down_1,a0:cost_plus_agent_0|a1:learned_agent_1__price_up_1,1,learned_agent_1__quantity_down_1,learned_agent_1__price_up_1,666.2122044491716,538.4435803455605,conservative,0.0
a0:cost_plus_agent_0|a1:learned_agent_1__quantity_down_1,a0:cost_plus_agent_0|a1:learned_agent_1__price_down_1,1,learned_agent_1__quantity_down_1,learned_agent_1__price_down_1,21449.98250155651,21379.494540737953,conservative,0.0
a0:cost_plus_agent_0|a1:learned_agent_1__quantity_down_1,a0:cost_plus_agent_0|a1:learned_agent_1__quantity_up_1,1,learned_agent_1__quantity_down_1,learned_agent_1__quantity_up_1,26683.39397500996,26635.739849064572,conservative,0.0
a0:hist_quantile_agent_0|a1:learned_agent_1,a0:cost_plus_agent_0|a1:learned_agent_1,0,hist_quantile_agent_0,cost_plus_agent_0,69072.13057659048,68853.05931528211,conservative,0.0
a0:hist_quantile_agent_0|a1:learned_agent_1,a0:hist_quantile_agent_0|a1:cost_plus_agent_1,1,learned_agent_1,cost_plus_agent_1,99005.42459510066,98723.49748304304,conservative,0.0
a0:hist_quantile_agent_0|a1:learned_agent_1,a0:hist_quantile_agent_0|a1:hist_quantile_agent_1,1,learned_agent_1,hist_quantile_agent_1,29886.560179958848,29641.57009886139,conservative,0.0
a0:hist_quantile_agent_0|a1:learned_agent_1,a0:hist_quantile_agent_0|a1:learned_agent_1__price_down_1,1,learned_agent_1,learned_agent_1__price_down_1,8245.446204489665,8165.686620879421,conservative,0.0
a0:hist_quantile_agent_0|a1:learned_agent_1,a0:hist_quantile_agent_0|a1:learned_agent_1__quantity_up_1,1,learned_agent_1,learned_agent_1__quantity_up_1,13493.950512468644,13471.423685135678,conservative,0.0
a0:hist_quantile_agent_0|a1:cost_plus_agent_1,a0:cost_plus_agent_0|a1:cost_plus_agent_1,0,hist_quantile_agent_0,cost_plus_agent_0,69073.82475730045,68859.23578259507,conservative,0.0
a0:hist_quantile_agent_0|a1:hist_quantile_agent_1,a0:cost_plus_agent_0|a1:hist_quantile_agent_1,0,hist_quantile_agent_0,cost_plus_agent_0,68824.91418121726,68609.05830591964,conservative,0.0
a0:hist_quantile_agent_0|a1:hist_quantile_agent_1,a0:hist_quantile_agent_0|a1:cost_plus_agent_1,1,hist_quantile_agent_1,cost_plus_agent_1,69118.86441514181,68905.9787564069,conservative,0.0
a0:hist_quantile_agent_0|a1:learned_agent_1__price_up_1,a0:cost_plus_agent_0|a1:learned_agent_1__price_up_1,0,hist_quantile_agent_0,cost_plus_agent_0,69059.27482805532,68840.25616976377,conservative,0.0
a0:hist_quantile_agent_0|a1:learned_agent_1__price_up_1,a0:hist_quantile_agent_0|a1:learned_agent_1,1,learned_agent_1__price_up_1,learned_agent_1,12525.80919279553,12384.26896817218,conservative,0.0
a0:hist_quantile_agent_0|a1:learned_agent_1__price_up_1,a0:hist_quantile_agent_0|a1:cost_plus_agent_1,1,learned_agent_1__price_up_1,cost_plus_agent_1,111531.2337878962,111285.49957327862,conservative,0.0
a0:hist_quantile_agent_0|a1:learned_agent_1__price_up_1,a0:hist_quantile_agent_0|a1:hist_quantile_agent_1,1,learned_agent_1__price_up_1,hist_quantile_agent_1,42412.36937275437,42180.0866446047,conservative,0.0
a0:hist_quantile_agent_0|a1:learned_agent_1__price_up_1,a0:hist_quantile_agent_0|a1:learned_agent_1__price_down_1,1,learned_agent_1__price_up_1,learned_agent_1__price_down_1,20771.255397285197,20663.48757326154,conservative,0.0
a0:hist_quantile_agent_0|a1:learned_agent_1__price_up_1,a0:hist_quantile_agent_0|a1:learned_agent_1__quantity_up_1,1,learned_agent_1__price_up_1,learned_agent_1__quantity_up_1,26019.759705264172,25864.748887514088,conservative,0.0
a0:hist_quantile_agent_0|a1:learned_agent_1__price_down_1,a0:cost_plus_agent_0|a1:learned_agent_1__price_down_1,0,hist_quantile_agent_0,cost_plus_agent_0,69080.80422753203,68862.88047493272,conservative,0.0
a0:hist_quantile_agent_0|a1:learned_agent_1__price_down_1,a0:hist_quantile_agent_0|a1:cost_plus_agent_1,1,learned_agent_1__price_down_1,cost_plus_agent_1,90759.97839061101,90512.1114141871,conservative,0.0
a0:hist_quantile_agent_0|a1:learned_agent_1__price_down_1,a0:hist_quantile_agent_0|a1:hist_quantile_agent_1,1,learned_agent_1__price_down_1,hist_quantile_agent_1,21641.113975469183,21427.104770798534,conservative,0.0
a0:hist_quantile_agent_0|a1:learned_agent_1__price_down_1,a0:hist_quantile_agent_0|a1:learned_agent_1__quantity_up_1,1,learned_agent_1__price_down_1,learned_agent_1__quantity_up_1,5248.504307978979,5151.49223666555,conservative,0.0
a0:hist_quantile_agent_0|a1:learned_agent_1__quantity_up_1,a0:cost_plus_agent_0|a1:learned_agent_1__quantity_up_1,0,hist_quantile_agent_0,cost_plus_agent_0,69069.76383344387,68851.22594716029,conservative,0.0
a0:hist_quantile_agent_0|a1:learned_agent_1__quantity_up_1,a0:hist_quantile_agent_0|a1:cost_plus_agent_1,1,learned_agent_1__quantity_up_1,cost_plus_agent_1,85511.47408263202,85217.81228011138,conservative,0.0
a0:hist_quantile_agent_0|a1:learned_agent_1__quantity_up_1,a0:hist_quantile_agent_0|a1:hist_quantile_agent_1,1,learned_agent_1__quantity_up_1,hist_quantile_agent_1,16392.6096674902,16133.73398371172,conservative,0.0
a0:hist_quantile_agent_0|a1:learned_agent_1__quantity_down_1,a0:cost_plus_agent_0|a1:learned_agent_1__quantity_down_1,0,hist_quantile_agent_0,cost_plus_agent_0,69072.72125996357,68853.60794913111,conservative,0.0
a0:hist_quantile_agent_0|a1:learned_agent_1__quantity_down_1,a0:hist_quantile_agent_0|a1:learned_agent_1,1,learned_agent_1__quantity_down_1,learned_agent_1,13200.141518240633,13176.52708038778,conservative,0.0
a0:hist_quantile_agent_0|a1:learned_agent_1__quantity_down_1,a0:hist_quantile_agent_0|a1:cost_plus_agent_1,1,learned_agent_1__quantity_down_1,cost_plus_agent_1,112205.5661133413,111935.09169963238,conservative,0.0
a0:hist_quantile_agent_0|a1:learned_agent_1__quantity_down_1,a0:hist_quantile_agent_0|a1:hist_quantile_agent_1,1,learned_agent_1__quantity_down_1,hist_quantile_agent_1,43086.70169819948,42854.91658457549,conservative,0.0
a0:hist_quantile_agent_0|a1:learned_agent_1__quantity_down_1,a0:hist_quantile_agent_0|a1:learned_agent_1__price_up_1,1,learned_agent_1__quantity_down_1,learned_agent_1__price_up_1,674.3323254451025,543.9166913356077,conservative,0.0
a0:hist_quantile_agent_0|a1:learned_agent_1__quantity_down_1,a0:hist_quantile_agent_0|a1:learned_agent_1__price_down_1,1,learned_agent_1__quantity_down_1,learned_agent_1__price_down_1,21445.5877227303,21381.04379488309,conservative,0.0
a0:hist_quantile_agent_0|a1:learned_agent_1__quantity_down_1,a0:hist_quantile_agent_0|a1:learned_agent_1__quantity_up_1,1,learned_agent_1__quantity_down_1,learned_agent_1__quantity_up_1,26694.092030709275,26648.02483053961,conservative,0.0
a0:learned_agent_0__price_up_1|a1:learned_agent_1,a0:learned_agent_0|a1:learned_agent_1,0,learned_agent_0__price_up_1,learned_agent_0,12109.661579415362,11956.734506661624,conservative,0.0
a0:learned_agent_0__price_up_1|a1:learned_agent_1,a0:cost_plus_agent_0|a1:learned_agent_1,0,learned_agent_0__price_up_1,cost_plus_agent_0,103037.2911621553,102759.95707479567,conservative,0.0
a0:learned_agent_0__price_up_1|a1:learned_agent_1,a0:hist_quantile_agent_0|a1:learned_agent_1,0,learned_agent_0__price_up_1,hist_quantile_agent_0,33965.16058556484,33683.32198494282,conservative,0.0
a0:learned_agent_0__price_up_1|a1:learned_agent_1,a0:learned_agent_0__price_down_1|a1:learned_agent_1,0,learned_agent_0__price_up_1,learned_agent_0__price_down_1,26545.15913245079,26427.230103754973,conservative,0.0
a0:learned_agent_0__price_up_1|a1:learned_agent_1,a0:learned_agent_0__quantity_up_1|a1:learned_agent_1,0,learned_agent_0__price_up_1,learned_agent_0__quantity_up_1,26125.771880435525,25957.82068969189,conservative,0.0
a0:learned_agent_0__price_up_1|a1:learned_agent_1,a0:learned_agent_0__price_up_1|a1:cost_plus_agent_1,1,learned_agent_1,cost_plus_agent_1,99153.95498219118,98883.72444916736,conservative,0.0
a0:learned_agent_0__price_up_1|a1:learned_agent_1,a0:learned_agent_0__price_up_1|a1:hist_quantile_agent_1,1,learned_agent_1,hist_quantile_agent_1,30075.905918746063,29826.732216329347,conservative,0.0
a0:learned_agent_0__price_up_1|a1:learned_agent_1,a0:learned_agent_0__price_up_1|a1:learned_agent_1__price_down_1,1,learned_agent_1,learned_agent_1__price_down_1,8358.912718503809,8277.388250949965,conservative,0.0
a0:learned_agent_0__price_up_1|a1:learned_agent_1,a0:learned_agent_0__price_up_1|a1:learned_agent_1__quantity_up_1,1,learned_agent_1,learned_agent_1__quantity_up_1,13500.360386271015,13477.127126481037,conservative,0.0
a0:learned_agent_0__price_up_1|a1:cost_plus_agent_1,a0:learned_agent_0|a1:cost_plus_agent_1,0,learned_agent_0__price_up_1,learned_agent_0,12091.529760997742,11938.742627478305,conservative,0.0
a0:learned_agent_0__price_up_1|a1:cost_plus_agent_1,a0:cost_plus_agent_0|a1:cost_plus_agent_1,0,learned_agent_0__price_up_1,cost_plus_agent_0,102991.12819564177,102714.71357859153,conservative,0.0
a0:learned_agent_0__price_up_1|a1:cost_plus_agent_1,a0:hist_quantile_agent_0|a1:cost_plus_agent_1,0,learned_agent_0__price_up_1,hist_quantile_agent_0,33917.3034383413,33645.03687167792,conservative,0.0
a0:learned_agent_0__price_up_1|a1:cost_plus_agent_1,a0:learned_agent_0__price_down_1|a1:cost_plus_agent_1,0,learned_agent_0__price_up_1,learned_agent_0__price_down_1,26542.04495178769,26429.89827539212,conservative,0.0
a0:learned_agent_0__price_up_1|a1:cost_plus_agent_1,a0:learned_agent_0__quantity_up_1|a1:cost_plus_agent_1,0,learned_agent_0__price_up_1,learned_agent_0__quantity_up_1,26098.409079829282,25929.110136881907,conservative,0.0
a0:learned_agent_0__price_up_1|a1:hist_quantile_agent_1,a0:learned_agent_0|a1:hist_quantile_agent_1,0,learned_agent_0__price_up_1,learned_agent_0,12103.517172954693,11947.700797263557,conservative,0.0
a0:learned_agent_0__price_up_1|a1:hist_quantile_agent_1,a0:cost_plus_agent_0|a1:hist_quantile_agent_1,0,learned_agent_0__price_up_1,cost_plus_agent_0,103015.68312885208,102739.94631156123,conservative,0.0
a0:learned_agent_0__price_up_1|a1:hist_quantile_agent_1,a0:hist_quantile_agent_0|a1:hist_quantile_agent_1,0,learned_agent_0__price_up_1,hist_quantile_agent_0,34190.76894763482,33907.336093935504,conservative,0.0
a0:learned_agent_0__price_up_1|a1:hist_quantile_agent_1,a0:learned_agent_0__price_down_1|a1:hist_quantile_agent_1,0,learned_agent_0__price_up_1,learned_agent_0__price_down_1,26543.24245985434,26431.695299924737,conservative,0.0
a0:learned_agent_0__price_up_1|a1:hist_quantile_agent_1,a0:learned_agent_0__quantity_up_1|a1:hist_quantile_agent_1,0,learned_agent_0__price_up_1,learned_agent_0__quantity_up_1,26114.855564210524,25941.53392033039,conservative,0.0
a0:learned_agent_0__price_up_1|a1:hist_quantile_agent_1,a0:learned_agent_0__price_up_1|a1:cost_plus_agent_1,1,hist_quantile_agent_1,cost_plus_agent_1,69078.04906344513,68863.35861748854,conservative,0.0
a0:learned_agent_0__price_up_1|a1:learned_agent_1__price_up_1,a0:learned_agent_0|a1:learned_agent_1__price_up_1,0,learned_agent_0__price_up_1,learned_agent_0,12099.152612154134,11946.113354772368,conservative,0.0
a0:learned_agent_0__price_up_1|a1:learned_agent_1__price_up_1,a0:cost_plus_agent_0|a1:learned_agent_1__price_up_1,0,learned_agent_0__price_up_1,cost_plus_agent_0,102963.82805101182,102684.35819643205,conservative,0.0
a0:learned_agent_0__price_up_1|a1:learned_agent_1__price_up_1,a0:hist_quantile_agent_0|a1:learned_agent_1__price_up_1,0,learned_agent_0__price_up_1,hist_quantile_agent_0,33904.55322295651,33622.255727226955,conservative,0.0
a0:learned_agent_0__price_up_1|a1:learned_agent_1__price_up_1,a0:learned_agent_0__price_down_1|a1:learned_agent_1__price_up_1,0,learned_agent_0__price_up_1,learned_agent_0__price_down_1,26518.279435382916,26400.61033428396,conservative,0.0
a0:learned_agent_0__price_up_1|a1:learned_agent_1__price_up_1,a0:learned_agent_0__quantity_up_1|a1:learned_agent_1__price_up_1,0,learned_agent_0__price_up_1,learned_agent_0__quantity_up_1,26071.697866706294,25904.013178746296,conservative,0.0
a0:learned_agent_0__price_up_1|a1:learned_agent_1__price_up_1,a0:learned_agent_0__price_up_1|a1:learned_agent_1,1,learned_agent_1__price_up_1,learned_agent_1,12531.548740513956,12390.707593457064,conservative,0.0
a0:learned_agent_0__price_up_1|a1:learned_agent_1__price_up_1,a0:learned_agent_0__price_up_1|a1:cost_plus_agent_1,1,learned_agent_1__price_up_1,cost_plus_agent_1,111685.50372270515,111455.87893958922,conservative,0.0
a0:learned_agent_0__price_up_1|a1:learned_agent_1__price_up_1,a0:learned_agent_0__price_up_1|a1:hist_quantile_agent_1,1,learned_agent_1__price_up_1,hist_quantile_agent_1,42607.454659260016,42372.37371918164,conservative,0.0
a0:learned_agent_0__price_up_1|a1:learned_agent_1__price_up_1,a0:learned_agent_0__price_up_1|a1:learned_agent_1__price_down_1,1,learned_agent_1__price_up_1,learned_agent_1__price_down_1,20890.461459017766,20779.47387167507,conservative,0.0
a0:learned_agent_0__price_up_1|a1:learned_agent_1__price_up_1,a0:learned_agent_0__price_up_1|a1:learned_agent_1__quantity_up_1,1,learned_agent_1__price_up_1,learned_agent_1__quantity_up_1,26031.909126784973,25878.353246247138,conservative,0.0
a0:learned_agent_0__price_up_1|a1:learned_agent_1__price_down_1,a0:learned_agent_0|a1:learned_agent_1__price_down_1,0,learned_agent_0__price_up_1,learned_agent_0,12109.797799487853,11958.759197983578,conservative,0.0
a0:learned_agent_0__price_up_1|a1:learned_agent_1__price_down_1,a0:cost_plus_agent_0|a1:learned_agent_1__price_down_1,0,learned_agent_0__price_up_1,cost_plus_agent_0,103035.89644630312,102758.78131248994,conservative,0.0
a0:learned_agent_0__price_up_1|a1:learned_agent_1__price_down_1,a0:hist_quantile_agent_0|a1:learned_agent_1__price_down_1,0,learned_agent_0__price_up_1,hist_quantile_agent_0,33955.09221877108,33674.702673376174,conservative,0.0
a0:learned_agent_0__price_up_1|a1:learned_agent_1__price_down_1,a0:learned_agent_0__price_down_1|a1:learned_agent_1__price_down_1,0,learned_agent_0__price_up_1,learned_agent_0__price_down_1,26549.248483752766,26431.34597263503,conservative,0.0
a0:learned_agent_0__price_up_1|a1:learned_agent_1__price_down_1,a0:learned_agent_0__quantity_up_1|a1:learned_agent_1__price_down_1,0,learned_agent_0__price_up_1,learned_agent_0__quantity_up_1,26124.354588049737,25958.055632744596,conservative,0.0
a0:learned_agent_0__price_up_1|a1:learned_agent_1__price_down_1,a0:learned_agent_0__price_up_1|a1:cost_plus_agent_1,1,learned_agent_1__price_down_1,cost_plus_agent_1,90795.04226368738,90549.8094682917,conservative,0.0
a0:learned_agent_0__price_up_1|a1:learned_agent_1__price_down_1,a0:learned_agent_0__price_up_1|a1:hist_quantile_agent_1,1,learned_agent_1__price_down_1,hist_quantile_agent_1,21716.993200242254,21496.803548033346,conservative,0.0
a0:learned_agent_0__price_up_1|a1:learned_agent_1__price_down_1,a0:learned_agent_0__price_up_1|a1:learned_agent_1__quantity_up_1,1,learned_agent_1__price_down_1,learned_agent_1__quantity_up_1,5141.447667767206,5041.919050735933,conservative,0.0
a0:learned_agent_0__price_up_1|a1:learned_agent_1__quantity_up_1,a0:learned_agent_0|a1:learned_agent_1__quantity_up_1,0,learned_agent_0__price_up_1,learned_agent_0,12109.661579415359,11956.734506661618,conservative,0.0
a0:learned_agent_0__price_up_1|a1:learned_agent_1__quantity_up_1,a0:cost_plus_agent_0|a1:learned_agent_1__quantity_up_1,0,learned_agent_0__price_up_1,cost_plus_agent_0,103028.87923400794,102752.62316683377,conservative,0.0
a0:learned_agent_0__price_up_1|a1:learned_agent_1__quantity_up_1,a0:hist_quantile_agent_0|a1:learned_agent_1__quantity_up_1,0,learned_agent_0__price_up_1,hist_quantile_agent_0,33959.11540056407,33678.24862779578,conservative,0.0
a0:learned_agent_0__price_up_1|a1:learned_agent_1__quantity_up_1,a0:learned_agent_0__price_down_1|a1:learned_agent_1__quantity_up_1,0,learned_agent_0__price_up_1,learned_agent_0__price_down_1,26544.96285149068,26427.016347004108,conservative,0.0
a0:learned_agent_0__price_up_1|a1:learned_agent_1__quantity_up_1,a0:learned_agent_0__quantity_up_1|a1:learned_agent_1__quantity_up_1,0,learned_agent_0__price_up_1,learned_agent_0__quantity_up_1,26123.87933606683,25955.34243935775,conservative,0.0
a0:learned_agent_0__price_up_1|a1:learned_agent_1__quantity_up_1,a0:learned_agent_0__price_up_1|a1:cost_plus_agent_1,1,learned_agent_1__quantity_up_1,cost_plus_agent_1,85653.59459592018,85372.41310357093,conservative,0.0
a0:learned_agent_0__price_up_1|a1:learned_agent_1__quantity_up_1,a0:learned_agent_0__price_up_1|a1:hist_quantile_agent_1,1,learned_agent_1__quantity_up_1,hist_quantile_agent_1,16575.545532475047,16312.953093313681,conservative,0.0
a0:learned_agent_0__price_up_1|a1:learned_agent_1__quantity_down_1,a0:learned_agent_0|a1:learned_agent_1__quantity_down_1,0,learned_agent_0__price_up_1,learned_agent_0,12109.696880262192,11956.759233551336,conservative,0.0
a0:learned_agent_0__price_up_1|a1:learned_agent_1__quantity_down_1,a0:cost_plus_agent_0|a1:learned_agent_1__quantity_down_1,0,learned_agent_0__price_up_1,cost_plus_agent_0,103041.9441441725,102763.7371862754,conservative,0.0
a0:learned_agent_0__price_up_1|a1:learned_agent_1__quantity_down_1,a0:hist_quantile_agent_0|a1:learned_agent_1__quantity_down_1,0,learned_agent_0__price_up_1,hist_quantile_agent_0,33969.222884208946,33686.8193567363,conservative,0.0
a0:learned_agent_0__price_up_1|a1:learned_agent_1__quantity_down_1,a0:learned_agent_0__price_down_1|a1:learned_agent_1__quantity_down_1,0,learned_agent_0__price_up_1,learned_agent_0__price_down_1,26545.358784208845,26427.460805710085,conservative,0.0
a0:learned_agent_0__price_up_1|a1:learned_agent_1__quantity_down_1,a0:learned_agent_0__quantity_up_1|a1:learned_agent_1__quantity_down_1,0,learned_agent_0__price_up_1,learned_agent_0__quantity_up_1,26123.669010771024,25955.573844851657,conservative,0.0
a0:learned_agent_0__price_up_1|a1:learned_agent_1__quantity_down_1,a0:learned_agent_0__price_up_1|a1:learned_agent_1,1,learned_agent_1__quantity_down_1,learned_agent_1,13201.176750252742,13178.283231977297,conservative,0.0
a0:learned_agent_0__price_up_1|a1:learned_agent_1__quantity_down_1,a0:learned_agent_0__price_up_1|a1:cost_plus_agent_1,1,learned_agent_1__quantity_down_1,cost_plus_agent_1,112355.13173244393,112095.21976229716,conservative,0.0
a0:learned_agent_0__price_up_1|a1:learned_agent_1__quantity_down_1,a0:learned_agent_0__price_up_1|a1:hist_quantile_agent_1,1,learned_agent_1__quantity_down_1,hist_quantile_agent_1,43277.0826689988,43040.44601282826,conservative,0.0
a0:learned_agent_0__price_up_1|a1:learned_agent_1__quantity_down_1,a0:learned_agent_0__price_up_1|a1:learned_agent_1__price_up_1,1,learned_agent_1__quantity_down_1,learned_agent_1__price_up_1,669.6280097387876,539.3799311162352,conservative,0.0
a0:learned_agent_0__price_up_1|a1:learned_agent_1__quantity_down_1,a0:learned_agent_0__price_up_1|a1:learned_agent_1__price_down_1,1,learned_agent_1__quantity_down_1,learned_agent_1__price_down_1,21560.089468756552,21493.1689950633,conservative,0.0
a0:learned_agent_0__price_up_1|a1:learned_agent_1__quantity_down_1,a0:learned_agent_0__price_up_1|a1:learned_agent_1__quantity_up_1,1,learned_agent_1__quantity_down_1,learned_agent_1__quantity_up_1,26701.53713652376,26655.479218215904,conservative,0.0
a0:learned_agent_0__price_down_1|a1:learned_agent_1,a0:cost_plus_agent_0|a1:learned_agent_1,0,learned_agent_0__price_down_1,cost_plus_agent_0,76492.13202970453,76273.02621559885,conservative,0.0
a0:learned_agent_0__price_down_1|a1:learned_agent_1,a0:hist_quantile_agent_0|a1:learned_agent_1,0,learned_agent_0__price_down_1,hist_quantile_agent_0,7420.001453114041,7199.325894028803,conservative,0.0
a0:learned_agent_0__price_down_1|a1:learned_agent_1,a0:learned_agent_0__price_down_1|a1:cost_plus_agent_1,1,learned_agent_1,cost_plus_agent_1,99126.48940651186,98853.26289714909,conservative,0.0
a0:learned_agent_0__price_down_1|a1:learned_agent_1,a0:learned_agent_0__price_down_1|a1:hist_quantile_agent_1,1,learned_agent_1,hist_quantile_agent_1,30052.97036840481,29801.074766156496,conservative,0.0
a0:learned_agent_0__price_down_1|a1:learned_agent_1,a0:learned_agent_0__price_down_1|a1:learned_agent_1__price_down_1,1,learned_agent_1,learned_agent_1__price_down_1,8339.792605311677,8254.266426134262,conservative,0.0
a0:learned_agent_0__price_down_1|a1:learned_agent_1,a0:learned_agent_0__price_down_1|a1:learned_agent_1__quantity_up_1,1,learned_agent_1,learned_agent_1__quantity_up_1,13497.653033021048,13474.608938655363,conservative,0.0
a0:learned_agent_0__price_down_1|a1:cost_plus_agent_1,a0:cost_plus_agent_0|a1:cost_plus_agent_1,0,learned_agent_0__price_down_1,cost_plus_agent_0,76449.08324385405,76225.45287507065,conservative,0.0
a0:learned_agent_0__price_down_1|a1:cost_plus_agent_1,a0:hist_quantile_agent_0|a1:cost_plus_agent_1,0,learned_agent_0__price_down_1,hist_quantile_agent_0,7375.258486553616,7153.991111974706,conservative,0.0
a0:learned_agent_0__price_down_1|a1:hist_quantile_agent_1,a0:cost_plus_agent_0|a1:hist_quantile_agent_1,0,learned_agent_0__price_down_1,cost_plus_agent_0,76472.44066899773,76249.65296112938,conservative,0.0
a0:learned_agent_0__price_down_1|a1:hist_quantile_agent_1,a0:hist_quantile_agent_0|a1:hist_quantile_agent_1,0,learned_agent_0__price_down_1,hist_quantile_agent_0,7647.526487780479,7417.992488869158,conservative,0.0
a0:learned_agent_0__price_down_1|a1:hist_quantile_agent_1,a0:learned_agent_0__price_down_1|a1:cost_plus_agent_1,1,hist_quantile_agent_1,cost_plus_agent_1,69073.51903810704,68858.54146766172,conservative,0.0
a0:learned_agent_0__price_down_1|a1:learned_agent_1__price_up_1,a0:cost_plus_agent_0|a1:learned_agent_1__price_up_1,0,learned_agent_0__price_down_1,cost_plus_agent_0,76445.54861562891,76224.03230341006,conservative,0.0
a0:learned_agent_0__price_down_1|a1:learned_agent_1__price_up_1,a0:hist_quantile_agent_0|a1:learned_agent_1__price_up_1,0,learned_agent_0__price_down_1,hist_quantile_agent_0,7386.2737875735875,7165.262411651109,conservative,0.0
a0:learned_agent_0__price_down_1|a1:learned_agent_1__price_up_1,a0:learned_agent_0__price_down_1|a1:learned_agent_1,1,learned_agent_1__price_up_1,learned_agent_1,12527.126447792283,12385.302477259342,conservative,0.0
a0:learned_agent_0__price_down_1|a1:learned_agent_1__price_up_1,a0:learned_agent_0__price_down_1|a1:cost_plus_agent_1,1,learned_agent_1__price_up_1,cost_plus_agent_1,111653.61585430414,111419.9486324971,conservative,0.0
a0:learned_agent_0__price_down_1|a1:learned_agent_1__price_up_1,a0:learned_agent_0__price_down_1|a1:hist_quantile_agent_1,1,learned_agent_1__price_up_1,hist_quantile_agent_1,42580.096816197096,42343.81053308417,conservative,0.0
a0:learned_agent_0__price_down_1|a1:learned_agent_1__price_up_1,a0:learned_agent_0__price_down_1|a1:learned_agent_1__price_down_1,1,learned_agent_1__price_up_1,learned_agent_1__price_down_1,20866.91905310396,20755.02096051119,conservative,0.0
a0:learned_agent_0__price_down_1|a1:learned_agent_1__price_up_1,a0:learned_agent_0__price_down_1|a1:learned_agent_1__quantity_up_1,1,learned_agent_1__price_up_1,learned_agent_1__quantity_up_1,26024.779480813333,25870.144982000056,conservative,0.0
a0:learned_agent_0__price_down_1|a1:learned_agent_1__price_down_1,a0:cost_plus_agent_0|a1:learned_agent_1__price_down_1,0,learned_agent_0__price_down_1,cost_plus_agent_0,76486.64796255036,76267.74376112636,conservative,0.0
a0:learned_agent_0__price_down_1|a1:learned_agent_1__price_down_1,a0:hist_quantile_agent_0|a1:learned_agent_1__price_down_1,0,learned_agent_0__price_down_1,hist_quantile_agent_0,7405.843735018321,7183.994433221336,conservative,0.0
a0:learned_agent_0__price_down_1|a1:learned_agent_1__price_down_1,a0:learned_agent_0__price_down_1|a1:cost_plus_agent_1,1,learned_agent_1__price_down_1,cost_plus_agent_1,90786.69680120017,90539.93122003341,conservative,0.0
a0:learned_agent_0__price_down_1|a1:learned_agent_1__price_down_1,a0:learned_agent_0__price_down_1|a1:hist_quantile_agent_1,1,learned_agent_1__price_down_1,hist_quantile_agent_1,21713.177763093132,21494.005135450116,conservative,0.0
a0:learned_agent_0__price_down_1|a1:learned_agent_1__price_down_1,a0:learned_agent_0__price_down_1|a1:learned_agent_1__quantity_up_1,1,learned_agent_1__price_down_1,learned_agent_1__quantity_up_1,5157.860427709371,5054.239997518825,conservative,0.0
a0:learned_agent_0__price_down_1|a1:learned_agent_1__quantity_up_1,a0:cost_plus_agent_0|a1:learned_agent_1__quantity_up_1,0,learned_agent_0__price_down_1,cost_plus_agent_0,76483.91638251726,76265.70882141407,conservative,0.0
a0:learned_agent_0__price_down_1|a1:learned_agent_1__quantity_up_1,a0:hist_quantile_agent_0|a1:learned_agent_1__quantity_up_1,0,learned_agent_0__price_down_1,hist_quantile_agent_0,7414.1525490733875,7194.613031676942,conservative,0.0
a0:learned_agent_0__price_down_1|a1:learned_agent_1__quantity_up_1,a0:learned_agent_0__price_down_1|a1:cost_plus_agent_1,1,learned_agent_1__quantity_up_1,cost_plus_agent_1,85628.8363734908,85344.84175500207,conservative,0.0
a0:learned_agent_0__price_down_1|a1:learned_agent_1__quantity_up_1,a0:learned_agent_0__price_down_1|a1:hist_quantile_agent_1,1,learned_agent_1__quantity_up_1,hist_quantile_agent_1,16555.317335383763,16289.533549090384,conservative,0.0
a0:learned_agent_0__price_down_1|a1:learned_agent_1__quantity_down_1,a0:cost_plus_agent_0|a1:learned_agent_1__quantity_down_1,0,learned_agent_0__price_down_1,cost_plus_agent_0,76496.58535996368,76276.63352038067,conservative,0.0
a0:learned_agent_0__price_down_1|a1:learned_agent_1__quantity_down_1,a0:hist_quantile_agent_0|a1:learned_agent_1__quantity_down_1,0,learned_agent_0__price_down_1,hist_quantile_agent_0,7423.8641000001035,7202.66374261069,conservative,0.0
a0:learned_agent_0__price_down_1|a1:learned_agent_1__quantity_down_1,a0:learned_agent_0__price_down_1|a1:learned_agent_1,1,learned_agent_1__quantity_down_1,learned_agent_1,13198.714567745355,13175.923690679932,conservative,0.0
a0:learned_agent_0__price_down_1|a1:learned_agent_1__quantity_down_1,a0:learned_agent_0__price_down_1|a1:cost_plus_agent_1,1,learned_agent_1__quantity_down_1,cost_plus_agent_1,112325.20397425721,112062.13884023856,conservative,0.0
a0:learned_agent_0__price_down_1|a1:learned_agent_1__quantity_down_1,a0:learned_agent_0__price_down_1|a1:hist_quantile_agent_1,1,learned_agent_1__quantity_down_1,hist_quantile_agent_1,43251.684936150166,43012.8657229475,conservative,0.0
a0:learned_agent_0__price_down_1|a1:learned_agent_1__quantity_down_1,a0:learned_agent_0__price_down_1|a1:learned_agent_1__price_up_1,1,learned_agent_1__quantity_down_1,learned_agent_1__price_up_1,671.5881199530736,540.5074668928447,conservative,0.0
a0:learned_agent_0__price_down_1|a1:learned_agent_1__quantity_down_1,a0:learned_agent_0__price_down_1|a1:learned_agent_1__price_down_1,1,learned_agent_1__quantity_down_1,learned_agent_1__price_down_1,21538.507173057034,21467.959752993956,conservative,0.0
a0:learned_agent_0__price_down_1|a1:learned_agent_1__quantity_down_1,a0:learned_agent_0__price_down_1|a1:learned_agent_1__quantity_up_1,1,learned_agent_1__quantity_down_1,learned_agent_1__quantity_up_1,26696.367600766403,26650.603493752922,conservative,0.0
a0:learned_agent_0__quantity_up_1|a1:learned_agent_1,a0:cost_plus_agent_0|a1:learned_agent_1,0,learned_agent_0__quantity_up_1,cost_plus_agent_0,76911.51928171978,76542.91000932915,conservative,0.0
a0:learned_agent_0__quantity_up_1|a1:learned_agent_1,a0:hist_quantile_agent_0|a1:learned_agent_1,0,learned_agent_0__quantity_up_1,hist_quantile_agent_0,7839.388705129307,7546.768197897297,conservative,0.0
a0:learned_agent_0__quantity_up_1|a1:learned_agent_1,a0:learned_agent_0__price_down_1|a1:learned_agent_1,0,learned_agent_0__quantity_up_1,learned_agent_0__price_down_1,419.3872520152654,214.14763133463813,conservative,0.0
a0:learned_agent_0__quantity_up_1|a1:learned_agent_1,a0:learned_agent_0__quantity_up_1|a1:cost_plus_agent_1,1,learned_agent_1,cost_plus_agent_1,99092.61793095448,98817.73571660403,conservative,0.0
a0:learned_agent_0__quantity_up_1|a1:learned_agent_1,a0:learned_agent_0__quantity_up_1|a1:hist_quantile_agent_1,1,learned_agent_1,hist_quantile_agent_1,30013.108251584134,29758.532109114767,conservative,0.0
a0:learned_agent_0__quantity_up_1|a1:learned_agent_1,a0:learned_agent_0__quantity_up_1|a1:learned_agent_1__price_down_1,1,learned_agent_1,learned_agent_1__price_down_1,8298.62259995237,8212.093840709307,conservative,0.0
a0:learned_agent_0__quantity_up_1|a1:learned_agent_1,a0:learned_agent_0__quantity_up_1|a1:learned_agent_1__quantity_up_1,1,learned_agent_1,learned_agent_1__quantity_up_1,13496.843071110316,13472.668478049463,conservative,0.0
a0:learned_agent_0__quantity_up_1|a1:cost_plus_agent_1,a0:cost_plus_agent_0|a1:cost_plus_agent_1,0,learned_agent_0__quantity_up_1,cost_plus_agent_0,76892.71911581248,76520.66497762599,conservative,0.0
a0:learned_agent_0__quantity_up_1|a1:cost_plus_agent_1,a0:hist_quantile_agent_0|a1:cost_plus_agent_1,0,learned_agent_0__quantity_up_1,hist_quantile_agent_0,7818.894358512026,7529.525636497427,conservative,0.0
a0:learned_agent_0__quantity_up_1|a1:cost_plus_agent_1,a0:learned_agent_0__price_down_1|a1:cost_plus_agent_1,0,learned_agent_0__quantity_up_1,learned_agent_0__price_down_1,443.63587195840955,238.7403214801365,conservative,0.0
a0:learned_agent_0__quantity_up_1|a1:hist_quantile_agent_1,a0:cost_plus_agent_0|a1:hist_quantile_agent_1,0,learned_agent_0__quantity_up_1,cost_plus_agent_0,76900.82756464154,76526.57110909618,conservative,0.0
a0:learned_agent_0__quantity_up_1|a1:hist_quantile_agent_1,a0:hist_quantile_agent_0|a1:hist_quantile_agent_1,0,learned_agent_0__quantity_up_1,hist_quantile_agent_0,8075.9133834242975,7773.575557785637,conservative,0.0
a0:learned_agent_0__quantity_up_1|a1:hist_quantile_agent_1,a0:learned_agent_0__price_down_1|a1:hist_quantile_agent_1,0,learned_agent_0__quantity_up_1,learned_agent_0__price_down_1,428.3868956438182,219.23357797477001,conservative,0.0
a0:learned_agent_0__quantity_up_1|a1:hist_quantile_agent_1,a0:learned_agent_0__quantity_up_1|a1:cost_plus_agent_1,1,hist_quantile_agent_1,cost_plus_agent_1,69079.50967937036,68865.27391507749,conservative,0.0
a0:learned_agent_0__quantity_up_1|a1:learned_agent_1__price_up_1,a0:cost_plus_agent_0|a1:learned_agent_1__price_up_1,0,learned_agent_0__quantity_up_1,cost_plus_agent_0,76892.13018430553,76523.63870022968,conservative,0.0
a0:learned_agent_0__quantity_up_1|a1:learned_agent_1__price_up_1,a0:hist_quantile_agent_0|a1:learned_agent_1__price_up_1,0,learned_agent_0__quantity_up_1,hist_quantile_agent_0,7832.855356250211,7540.46764287164,conservative,0.0
a0:learned_agent_0__quantity_up_1|a1:learned_agent_1__price_up_1,a0:learned_agent_0__price_down_1|a1:learned_agent_1__price_up_1,0,learned_agent_0__quantity_up_1,learned_agent_0__price_down_1,446.58156867662365,242.04923920493937,conservative,0.0
a0:learned_agent_0__quantity_up_1|a1:learned_agent_1__price_up_1,a0:learned_agent_0__quantity_up_1|a1:learned_agent_1,1,learned_agent_1__price_up_1,learned_agent_1,12527.945162050739,12387.209805742441,conservative,0.0
a0:learned_agent_0__quantity_up_1|a1:learned_agent_1__price_up_1,a0:learned_agent_0__quantity_up_1|a1:cost_plus_agent_1,1,learned_agent_1__price_up_1,cost_plus_agent_1,111620.56309300521,111385.61122933052,conservative,0.0
a0:learned_agent_0__quantity_up_1|a1:learned_agent_1__price_up_1,a0:learned_agent_0__quantity_up_1|a1:hist_quantile_agent_1,1,learned_agent_1__price_up_1,hist_quantile_agent_1,42541.05341363487,42302.128930155384,conservative,0.0
a0:learned_agent_0__quantity_up_1|a1:learned_agent_1__price_up_1,a0:learned_agent_0__quantity_up_1|a1:learned_agent_1__price_down_1,1,learned_agent_1__price_up_1,learned_agent_1__price_down_1,20826.567762003113,20717.097849971324,conservative,0.0
a0:learned_agent_0__quantity_up_1|a1:learned_agent_1__price_up_1,a0:learned_agent_0__quantity_up_1|a1:learned_agent_1__quantity_up_1,1,learned_agent_1__price_up_1,learned_agent_1__quantity_up_1,26024.788233161056,25870.145344186352,conservative,0.0
a0:learned_agent_0__quantity_up_1|a1:learned_agent_1__price_down_1,a0:cost_plus_agent_0|a1:learned_agent_1__price_down_1,0,learned_agent_0__quantity_up_1,cost_plus_agent_0,76911.54185825339,76544.49258476388,conservative,0.0
a0:learned_agent_0__quantity_up_1|a1:learned_agent_1__price_down_1,a0:hist_quantile_agent_0|a1:learned_agent_1__price_down_1,0,learned_agent_0__quantity_up_1,hist_quantile_agent_0,7830.737630721351,7538.596728570301,conservative,0.0
a0:learned_agent_0__quantity_up_1|a1:learned_agent_1__price_down_1,a0:learned_agent_0__price_down_1|a1:learned_agent_1__price_down_1,0,learned_agent_0__quantity_up_1,learned_agent_0__price_down_1,424.89389570302956,221.11859334938504,conservative,0.0
a0:learned_agent_0__quantity_up_1|a1:learned_agent_1__price_down_1,a0:learned_agent_0__quantity_up_1|a1:cost_plus_agent_1,1,learned_agent_1__price_down_1,cost_plus_agent_1,90793.99533100212,90549.78876704749,conservative,0.0
a0:learned_agent_0__quantity_up_1|a1:learned_agent_1__price_down_1,a0:learned_agent_0__quantity_up_1|a1:hist_quantile_agent_1,1,learned_agent_1__price_down_1,hist_quantile_agent_1,21714.48565163176,21492.921016950728,conservative,0.0
a0:learned_agent_0__quantity_up_1|a1:learned_agent_1__price_down_1,a0:learned_agent_0__quantity_up_1|a1:learned_agent_1__quantity_up_1,1,learned_agent_1__price_down_1,learned_agent_1__quantity_up_1,5198.220471157945,5092.233468375894,conservative,0.0
a0:learned_agent_0__quantity_up_1|a1:learned_agent_1__quantity_up_1,a0:cost_plus_agent_0|a1:learned_agent_1__quantity_up_1,0,learned_agent_0__quantity_up_1,cost_plus_agent_0,76904.9998979411,76535.80361231837,conservative,0.0
a0:learned_agent_0__quantity_up_1|a1:learned_agent_1__quantity_up_1,a0:hist_quantile_agent_0|a1:learned_agent_1__quantity_up_1,0,learned_agent_0__quantity_up_1,hist_quantile_agent_0,7835.236064497238,7542.355190737157,conservative,0.0
a0:learned_agent_0__quantity_up_1|a1:learned_agent_1__quantity_up_1,a0:learned_agent_0__price_down_1|a1:learned_agent_1__quantity_up_1,0,learned_agent_0__quantity_up_1,learned_agent_0__price_down_1,421.08351542385026,214.90336887778105,conservative,0.0
a0:learned_agent_0__quantity_up_1|a1:learned_agent_1__quantity_up_1,a0:learned_agent_0__quantity_up_1|a1:cost_plus_agent_1,1,learned_agent_1__quantity_up_1,cost_plus_agent_1,85595.77485984417,85308.10634729605,conservative,0.0
a0:learned_agent_0__quantity_up_1|a1:learned_agent_1__quantity_up_1,a0:learned_agent_0__quantity_up_1|a1:hist_quantile_agent_1,1,learned_agent_1__quantity_up_1,hist_quantile_agent_1,16516.265180473816,16246.67373610287,conservative,0.0
a0:learned_agent_0__quantity_up_1|a1:learned_agent_1__quantity_down_1,a0:cost_plus_agent_0|a1:learned_agent_1__quantity_down_1,0,learned_agent_0__quantity_up_1,cost_plus_agent_0,76918.27513340149,76549.07371692345,conservative,0.0
a0:learned_agent_0__quantity_up_1|a1:learned_agent_1__quantity_down_1,a0:hist_quantile_agent_0|a1:learned_agent_1__quantity_down_1,0,learned_agent_0__quantity_up_1,hist_quantile_agent_0,7845.5538734379215,7552.252110237325,conservative,0.0
a0:learned_agent_0__quantity_up_1|a1:learned_agent_1__quantity_down_1,a0:learned_agent_0__price_down_1|a1:learned_agent_1__quantity_down_1,0,learned_agent_0__quantity_up_1,learned_agent_0__price_down_1,421.6897734378181,216.50987282327034,conservative,0.0
a0:learned_agent_0__quantity_up_1|a1:learned_agent_1__quantity_down_1,a0:learned_agent_0__quantity_up_1|a1:learned_agent_1,1,learned_agent_1__quantity_down_1,learned_agent_1,13200.184270362783,13177.08352451334,conservative,0.0
a0:learned_agent_0__quantity_up_1|a1:learned_agent_1__quantity_down_1,a0:learned_agent_0__quantity_up_1|a1:cost_plus_agent_1,1,learned_agent_1__quantity_down_1,cost_plus_agent_1,112292.80220131727,112028.27105988211,conservative,0.0
a0:learned_agent_0__quantity_up_1|a1:learned_agent_1__quantity_down_1,a0:learned_agent_0__quantity_up_1|a1:hist_quantile_agent_1,1,learned_agent_1__quantity_down_1,hist_quantile_agent_1,43213.29252194691,42971.57298260369,conservative,0.0
a0:learned_agent_0__quantity_up_1|a1:learned_agent_1__quantity_down_1,a0:learned_agent_0__quantity_up_1|a1:learned_agent_1__price_up_1,1,learned_agent_1__quantity_down_1,learned_agent_1__price_up_1,672.2391083120428,542.0080697050353,conservative,0.0
a0:learned_agent_0__quantity_up_1|a1:learned_agent_1__quantity_down_1,a0:learned_agent_0__quantity_up_1|a1:learned_agent_1__price_down_1,1,learned_agent_1__quantity_down_1,learned_agent_1__price_down_1,21498.806870315155,21428.48598667395,conservative,0.0
a0:learned_agent_0__quantity_up_1|a1:learned_agent_1__quantity_down_1,a0:learned_agent_0__quantity_up_1|a1:learned_agent_1__quantity_up_1,1,learned_agent_1__quantity_down_1,learned_agent_1__quantity_up_1,26697.0273414731,26649.790265713786,conservative,0.0
a0:learned_agent_0__quantity_down_1|a1:learned_agent_1,a0:learned_agent_0|a1:learned_agent_1,0,learned_agent_0__quantity_down_1,learned_agent_0,14387.376565481536,14361.481325267421,conservative,0.0
a0:learned_agent_0__quantity_down_1|a1:learned_agent_1,a0:cost_plus_agent_0|a1:learned_agent_1,0,learned_agent_0__quantity_down_1,cost_plus_agent_0,105315.0061482215,104979.54480047188,conservative,0.0
a0:learned_agent_0__quantity_down_1|a1:learned_agent_1,a0:hist_quantile_agent_0|a1:learned_agent_1,0,learned_agent_0__quantity_down_1,hist_quantile_agent_0,36242.87557163101,35974.515420218246,conservative,0.0
a0:learned_agent_0__quantity_down_1|a1:learned_agent_1,a0:learned_agent_0__price_up_1|a1:learned_agent_1,0,learned_agent_0__quantity_down_1,learned_agent_0__price_up_1,2277.714986066174,2138.726872272707,conservative,0.0
a0:learned_agent_0__quantity_down_1|a1:learned_agent_1,a0:learned_agent_0__price_down_1|a1:learned_agent_1,0,learned_agent_0__quantity_down_1,learned_agent_0__price_down_1,28822.874118516964,28658.0989207146,conservative,0.0
a0:learned_agent_0__quantity_down_1|a1:learned_agent_1,a0:learned_agent_0__quantity_up_1|a1:learned_agent_1,0,learned_agent_0__quantity_down_1,learned_agent_0__quantity_up_1,28403.4868665017,28352.515197723813,conservative,0.0
a0:learned_agent_0__quantity_down_1|a1:learned_agent_1,a0:learned_agent_0__quantity_down_1|a1:cost_plus_agent_1,1,learned_agent_1,cost_plus_agent_1,99133.19076349818,98858.04628757665,conservative,0.0
a0:learned_agent_0__quantity_down_1|a1:learned_agent_1,a0:learned_agent_0__quantity_down_1|a1:hist_quantile_agent_1,1,learned_agent_1,hist_quantile_agent_1,30053.7664224986,29801.843714778355,conservative,0.0
a0:learned_agent_0__quantity_down_1|a1:learned_agent_1,a0:learned_agent_0__quantity_down_1|a1:learned_agent_1__price_down_1,1,learned_agent_1,learned_agent_1__price_down_1,8335.297448884536,8249.932470583586,conservative,0.0
a0:learned_agent_0__quantity_down_1|a1:learned_agent_1,a0:learned_agent_0__quantity_down_1|a1:learned_agent_1__quantity_up_1,1,learned_agent_1,learned_agent_1__quantity_up_1,13496.435147003405,13473.467290333214,conservative,0.0
a0:learned_agent_0__quantity_down_1|a1:cost_plus_agent_1,a0:learned_agent_0|a1:cost_plus_agent_1,0,learned_agent_0__quantity_down_1,learned_agent_0,14383.349121329284,14355.592714220114,conservative,0.0
a0:learned_agent_0__quantity_down_1|a1:cost_plus_agent_1,a0:cost_plus_agent_0|a1:cost_plus_agent_1,0,learned_agent_0__quantity_down_1,cost_plus_agent_0,105282.9475559733,104947.09811197077,conservative,0.0
a0:learned_agent_0__quantity_down_1|a1:cost_plus_agent_1,a0:hist_quantile_agent_0|a1:cost_plus_agent_1,0,learned_agent_0__quantity_down_1,hist_quantile_agent_0,36209.12279867285,35945.29585593634,conservative,0.0
a0:learned_agent_0__quantity_down_1|a1:cost_plus_agent_1,a0:learned_agent_0__price_up_1|a1:cost_plus_agent_1,0,learned_agent_0__quantity_down_1,learned_agent_0__price_up_1,2291.819360331542,2154.37692190317,conservative,0.0
a0:learned_agent_0__quantity_down_1|a1:cost_plus_agent_1,a0:learned_agent_0__price_down_1|a1:cost_plus_agent_1,0,learned_agent_0__quantity_down_1,learned_agent_0__price_down_1,28833.864312119236,28671.77851225123,conservative,0.0
a0:learned_agent_0__quantity_down_1|a1:cost_plus_agent_1,a0:learned_agent_0__quantity_up_1|a1:cost_plus_agent_1,0,learned_agent_0__quantity_down_1,learned_agent_0__quantity_up_1,28390.228440160827,28336.036425325616,conservative,0.0
a0:learned_agent_0__quantity_down_1|a1:hist_quantile_agent_1,a0:learned_agent_0|a1:hist_quantile_agent_1,0,learned_agent_0__quantity_down_1,learned_agent_0,14383.940614884286,14356.843756616132,conservative,0.0
a0:learned_agent_0__quantity_down_1|a1:hist_quantile_agent_1,a0:cost_plus_agent_0|a1:hist_quantile_agent_1,0,learned_agent_0__quantity_down_1,cost_plus_agent_0,105296.10657078166,104959.70856494155,conservative,0.0
a0:learned_agent_0__quantity_down_1|a1:hist_quantile_agent_1,a0:hist_quantile_agent_0|a1:hist_quantile_agent_1,0,learned_agent_0__quantity_down_1,hist_quantile_agent_0,36471.192389564414,36196.2004099793,conservative,0.0
a0:learned_agent_0__quantity_down_1|a1:hist_quantile_agent_1,a0:learned_agent_0__price_up_1|a1:hist_quantile_agent_1,0,learned_agent_0__quantity_down_1,learned_agent_0__price_up_1,2280.423441929594,2140.339071614698,conservative,0.0
a0:learned_agent_0__quantity_down_1|a1:hist_quantile_agent_1,a0:learned_agent_0__price_down_1|a1:hist_quantile_agent_1,0,learned_agent_0__quantity_down_1,learned_agent_0__price_down_1,28823.665901783934,28658.756168869735,conservative,0.0
a0:learned_agent_0__quantity_down_1|a1:hist_quantile_agent_1,a0:learned_agent_0__quantity_up_1|a1:hist_quantile_agent_1,0,learned_agent_0__quantity_down_1,learned_agent_0__quantity_up_1,28395.279006140117,28341.180094086892,conservative,0.0
a0:learned_agent_0__quantity_down_1|a1:hist_quantile_agent_1,a0:learned_agent_0__quantity_down_1|a1:cost_plus_agent_1,1,hist_quantile_agent_1,cost_plus_agent_1,69079.42434099957,68863.44576035034,conservative,0.0
a0:learned_agent_0__quantity_down_1|a1:learned_agent_1__price_up_1,a0:learned_agent_0|a1:learned_agent_1__price_up_1,0,learned_agent_0__quantity_down_1,learned_agent_0,14398.90614586135,14373.33353290568,conservative,0.0
a0:learned_agent_0__quantity_down_1|a1:learned_agent_1__price_up_1,a0:cost_plus_agent_0|a1:learned_agent_1__price_up_1,0,learned_agent_0__quantity_down_1,cost_plus_agent_0,105263.58158471904,104926.58008121625,conservative,0.0
a0:learned_agent_0__quantity_down_1|a1:learned_agent_1__price_up_1,a0:hist_quantile_agent_0|a1:learned_agent_1__price_up_1,0,learned_agent_0__quantity_down_1,hist_quantile_agent_0,36204.30675666372,35935.35104318775,conservative,0.0
a0:learned_agent_0__quantity_down_1|a1:learned_agent_1__price_up_1,a0:learned_agent_0__price_up_1|a1:learned_agent_1__price_up_1,0,learned_agent_0__quantity_down_1,learned_agent_0__price_up_1,2299.7535337072172,2160.99582749448,conservative,0.0
a0:learned_agent_0__quantity_down_1|a1:learned_agent_1__price_up_1,a0:learned_agent_0__price_down_1|a1:learned_agent_1__price_up_1,0,learned_agent_0__quantity_down_1,learned_agent_0__price_down_1,28818.032969090134,28653.534539246706,conservative,0.0
a0:learned_agent_0__quantity_down_1|a1:learned_agent_1__price_up_1,a0:learned_agent_0__quantity_up_1|a1:learned_agent_1__price_up_1,0,learned_agent_0__quantity_down_1,learned_agent_0__quantity_up_1,28371.45140041351,28320.649025741794,conservative,0.0
a0:learned_agent_0__quantity_down_1|a1:learned_agent_1__price_up_1,a0:learned_agent_0__quantity_down_1|a1:learned_agent_1,1,learned_agent_1__price_up_1,learned_agent_1,12532.291827506953,12390.070425958187,conservative,0.0
a0:learned_agent_0__quantity_down_1|a1:learned_agent_1__price_up_1,a0:learned_agent_0__quantity_down_1|a1:cost_plus_agent_1,1,learned_agent_1__price_up_1,cost_plus_agent_1,111665.48259100513,111430.68840210064,conservative,0.0
a0:learned_agent_0__quantity_down_1|a1:learned_agent_1__price_up_1,a0:learned_agent_0__quantity_down_1|a1:hist_quantile_agent_1,1,learned_agent_1__price_up_1,hist_quantile_agent_1,42586.05825000555,42350.47205143938,conservative,0.0
a0:learned_agent_0__quantity_down_1|a1:learned_agent_1__price_up_1,a0:learned_agent_0__quantity_down_1|a1:learned_agent_1__price_down_1,1,learned_agent_1__price_up_1,learned_agent_1__price_down_1,20867.58927639149,20757.879928552476,conservative,0.0
a0:learned_agent_0__quantity_down_1|a1:learned_agent_1__price_up_1,a0:learned_agent_0__quantity_down_1|a1:learned_agent_1__quantity_up_1,1,learned_agent_1__price_up_1,learned_agent_1__quantity_up_1,26028.726974510362,25872.981114031856,conservative,0.0
a0:learned_agent_0__quantity_down_1|a1:learned_agent_1__price_down_1,a0:learned_agent_0|a1:learned_agent_1__price_down_1,0,learned_agent_0__quantity_down_1,learned_agent_0,14387.379532506819,14361.355686990724,conservative,0.0
a0:learned_agent_0__quantity_down_1|a1:learned_agent_1__price_down_1,a0:cost_plus_agent_0|a1:learned_agent_1__price_down_1,0,learned_agent_0__quantity_down_1,cost_plus_agent_0,105313.47817932209,104979.67329661605,conservative,0.0
a0:learned_agent_0__quantity_down_1|a1:learned_agent_1__price_down_1,a0:hist_quantile_agent_0|a1:learned_agent_1__price_down_1,0,learned_agent_0__quantity_down_1,hist_quantile_agent_0,36232.67395179006,35964.23751805828,conservative,0.0
a0:learned_agent_0__quantity_down_1|a1:learned_agent_1__price_down_1,a0:learned_agent_0__price_up_1|a1:learned_agent_1__price_down_1,0,learned_agent_0__quantity_down_1,learned_agent_0__price_up_1,2277.581733018966,2140.4842587284606,conservative,0.0
a0:learned_agent_0__quantity_down_1|a1:learned_agent_1__price_down_1,a0:learned_agent_0__price_down_1|a1:learned_agent_1__price_down_1,0,learned_agent_0__quantity_down_1,learned_agent_0__price_down_1,28826.83021677173,28663.919827327412,conservative,0.0
a0:learned_agent_0__quantity_down_1|a1:learned_agent_1__price_down_1,a0:learned_agent_0__quantity_up_1|a1:learned_agent_1__price_down_1,0,learned_agent_0__quantity_down_1,learned_agent_0__quantity_up_1,28401.936321068704,28350.591897498205,conservative,0.0
a0:learned_agent_0__quantity_down_1|a1:learned_agent_1__price_down_1,a0:learned_agent_0__quantity_down_1|a1:cost_plus_agent_1,1,learned_agent_1__price_down_1,cost_plus_agent_1,90797.89331461364,90549.94009120447,conservative,0.0
a0:learned_agent_0__quantity_down_1|a1:learned_agent_1__price_down_1,a0:learned_agent_0__quantity_down_1|a1:hist_quantile_agent_1,1,learned_agent_1__price_down_1,hist_quantile_agent_1,21718.468973614064,21499.179199004306,conservative,0.0
a0:learned_agent_0__quantity_down_1|a1:learned_agent_1__price_down_1,a0:learned_agent_0__quantity_down_1|a1:learned_agent_1__quantity_up_1,1,learned_agent_1__price_down_1,learned_agent_1__quantity_up_1,5161.1376981188705,5057.874446442796,conservative,0.0
a0:learned_agent_0__quantity_down_1|a1:learned_agent_1__quantity_up_1,a0:learned_agent_0|a1:learned_agent_1__quantity_up_1,0,learned_agent_0__quantity_down_1,learned_agent_0,14388.719739025477,14362.778188853868,conservative,0.0
a0:learned_agent_0__quantity_down_1|a1:learned_agent_1__quantity_up_1,a0:cost_plus_agent_0|a1:learned_agent_1__quantity_up_1,0,learned_agent_0__quantity_down_1,cost_plus_agent_0,105307.93739361805,104973.24388245984,conservative,0.0
a0:learned_agent_0__quantity_down_1|a1:learned_agent_1__quantity_up_1,a0:hist_quantile_agent_0|a1:learned_agent_1__quantity_up_1,0,learned_agent_0__quantity_down_1,hist_quantile_agent_0,36238.17356017419,35970.78206943611,conservative,0.0
a0:learned_agent_0__quantity_down_1|a1:learned_agent_1__quantity_up_1,a0:learned_agent_0__price_up_1|a1:learned_agent_1__quantity_up_1,0,learned_agent_0__quantity_down_1,learned_agent_0__price_up_1,2279.058159610119,2139.762192737597,conservative,0.0
a0:learned_agent_0__quantity_down_1|a1:learned_agent_1__quantity_up_1,a0:learned_agent_0__price_down_1|a1:learned_agent_1__quantity_up_1,0,learned_agent_0__quantity_down_1,learned_agent_0__price_down_1,28824.021011100802,28659.037712014062,conservative,0.0
a0:learned_agent_0__quantity_down_1|a1:learned_agent_1__quantity_up_1,a0:learned_agent_0__quantity_up_1|a1:learned_agent_1__quantity_up_1,0,learned_agent_0__quantity_down_1,learned_agent_0__quantity_up_1,28402.937495676953,28351.03471461538,conservative,0.0
a0:learned_agent_0__quantity_down_1|a1:learned_agent_1__quantity_up_1,a0:learned_agent_0__quantity_down_1|a1:cost_plus_agent_1,1,learned_agent_1__quantity_up_1,cost_plus_agent_1,85636.75561649476,85350.64344911148,conservative,0.0
a0:learned_agent_0__quantity_down_1|a1:learned_agent_1__quantity_up_1,a0:learned_agent_0__quantity_down_1|a1:hist_quantile_agent_1,1,learned_agent_1__quantity_up_1,hist_quantile_agent_1,16557.331275495195,16290.934961598321,conservative,0.0
a0:learned_agent_0__quantity_down_1|a1:learned_agent_1__quantity_down_1,a0:learned_agent_0|a1:learned_agent_1__quantity_down_1,0,learned_agent_0__quantity_down_1,learned_agent_0,14359.16070419591,14333.217930198509,conservative,0.0
a0:learned_agent_0__quantity_down_1|a1:learned_agent_1__quantity_down_1,a0:cost_plus_agent_0|a1:learned_agent_1__quantity_down_1,0,learned_agent_0__quantity_down_1,cost_plus_agent_0,105291.40796810623,104954.39680407365,conservative,0.0
a0:learned_agent_0__quantity_down_1|a1:learned_agent_1__quantity_down_1,a0:hist_quantile_agent_0|a1:learned_agent_1__quantity_down_1,0,learned_agent_0__quantity_down_1,hist_quantile_agent_0,36218.68670814266,35949.153387241706,conservative,0.0
a0:learned_agent_0__quantity_down_1|a1:learned_agent_1__quantity_down_1,a0:learned_agent_0__price_up_1|a1:learned_agent_1__quantity_down_1,0,learned_agent_0__quantity_down_1,learned_agent_0__price_up_1,2249.4638239337173,2110.432999623485,conservative,0.0
a0:learned_agent_0__quantity_down_1|a1:learned_agent_1__quantity_down_1,a0:learned_agent_0__price_down_1|a1:learned_agent_1__quantity_down_1,0,learned_agent_0__quantity_down_1,learned_agent_0__price_down_1,28794.82260814256,28629.756132664108,conservative,0.0
a0:learned_agent_0__quantity_down_1|a1:learned_agent_1__quantity_down_1,a0:learned_agent_0__quantity_up_1|a1:learned_agent_1__quantity_down_1,0,learned_agent_0__quantity_down_1,learned_agent_0__quantity_up_1,28373.13283470474,28322.282946671377,conservative,0.0
a0:learned_agent_0__quantity_down_1|a1:learned_agent_1__quantity_down_1,a0:learned_agent_0__quantity_down_1|a1:learned_agent_1,1,learned_agent_1__quantity_down_1,learned_agent_1,13185.321210077665,13162.743805225613,conservative,0.0
a0:learned_agent_0__quantity_down_1|a1:learned_agent_1__quantity_down_1,a0:learned_agent_0__quantity_down_1|a1:cost_plus_agent_1,1,learned_agent_1__quantity_down_1,cost_plus_agent_1,112318.51197357583,112054.21031688337,conservative,0.0
a0:learned_agent_0__quantity_down_1|a1:learned_agent_1__quantity_down_1,a0:learned_agent_0__quantity_down_1|a1:hist_quantile_agent_1,1,learned_agent_1__quantity_down_1,hist_quantile_agent_1,43239.087632576266,43000.37141720253,conservative,0.0
a0:learned_agent_0__quantity_down_1|a1:learned_agent_1__quantity_down_1,a0:learned_agent_0__quantity_down_1|a1:learned_agent_1__price_up_1,1,learned_agent_1__quantity_down_1,learned_agent_1__price_up_1,653.0293825707113,520.903774175418,conservative,0.0
a0:learned_agent_0__quantity_down_1|a1:learned_agent_1__quantity_down_1,a0:learned_agent_0__quantity_down_1|a1:learned_agent_1__price_down_1,1,learned_agent_1__quantity_down_1,learned_agent_1__price_down_1,21520.6186589622,21449.711194517127,conservative,0.0
a0:learned_agent_0__quantity_down_1|a1:learned_agent_1__quantity_down_1,a0:learned_agent_0__quantity_down_1|a1:learned_agent_1__quantity_up_1,1,learned_agent_1__quantity_down_1,learned_agent_1__quantity_up_1,26681.756357081067,26636.428915742752,conservative,0.0
